Date,Open,High,Low,Close,Volume,Dividends,Stock Splits
2017-06-01,0.2269,0.2367,0.1971,0.2312,5911817,0,0
2017-06-02,0.2314,0.2313,0.207,0.2111,4209596,0,0
2017-06-03,0.2111,0.2496,0.2086,0.2239,6388732,0,0
2017-06-04,0.2238,0.4752,0.2223,0.3854,37225189,0,0
2017-06-05,0.3847,0.4452,0.3636,0.393,19265746,0,0
2017-06-06,0.393,0.4127,0.3422,0.3497,14399052,0,0
2017-06-07,0.3485,0.3793,0.3073,0.3224,15064359,0,0
2017-06-08,0.3233,0.3465,0.2887,0.3018,12022045,0,0
2017-06-09,0.3003,0.323,0.2928,0.3031,8076584,0,0
2017-06-10,0.3028,0.313,0.2616,0.2653,11132190,0,0
2017-06-11,0.2632,0.2768,0.2377,0.2452,9200122,0,0
2017-06-12,0.2453,0.2858,0.203,0.2433,9549553,0,0
2017-06-13,0.2435,0.2664,0.2317,0.2576,7334428,0,0
2017-06-14,0.2565,0.2605,0.2153,0.2243,4987043,0,0
2017-06-15,0.2253,0.2893,0.1926,0.2856,8716541,0,0
2017-06-16,0.2817,0.3251,0.2471,0.3075,16126868,0,0
2017-06-17,0.3061,0.3061,0.2724,0.2753,7415809,0,0
2017-06-18,0.2775,0.2813,0.2574,0.261,3738703,0,0
2017-06-19,0.2615,0.2684,0.2381,0.2395,7046077,0,0
2017-06-20,0.2396,0.2612,0.2374,0.2545,4948371,0,0
2017-06-21,0.2533,0.2609,0.2444,0.2497,4579863,0,0
2017-06-22,0.2498,0.2498,0.2326,0.2357,3460766,0,0
2017-06-23,0.2353,0.2712,0.2292,0.2634,4199638,0,0
2017-06-24,0.2669,0.2697,0.2346,0.2469,2994547,0,0
2017-06-25,0.2452,0.2506,0.2104,0.2257,3530128,0,0
2017-06-26,0.2254,0.2333,0.1844,0.2012,4505144,0,0
2017-06-27,0.2079,0.2129,0.1619,0.2014,5091001,0,0
2017-06-28,0.203,0.2289,0.1914,0.2266,3421953,0,0
2017-06-29,0.2275,0.2279,0.1984,0.2013,2442859,0,0
2017-06-30,0.2017,0.2037,0.1766,0.1763,2020102,0,0
2017-07-01,0.178,0.185,0.1629,0.1696,2406248,0,0
2017-07-02,0.1698,0.1722,0.1465,0.161,4114949,0,0
2017-07-03,0.1609,0.1741,0.1595,0.1673,2882339,0,0
2017-07-04,0.1691,0.1814,0.1667,0.1698,2530910,0,0
2017-07-05,0.1695,0.1714,0.1624,0.1671,1898325,0,0
2017-07-06,0.1672,0.1689,0.1517,0.1573,2288470,0,0
2017-07-07,0.157,0.1598,0.1316,0.1387,1989985,0,0
2017-07-08,0.1389,0.1406,0.1251,0.1359,1828880,0,0
2017-07-09,0.1349,0.1423,0.1333,0.1375,1492212,0,0
2017-07-10,0.1381,0.1444,0.1107,0.1157,1694312,0,0
2017-07-11,0.1152,0.1227,0.1033,0.1139,1891474,0,0
2017-07-12,0.1136,0.1305,0.1056,0.1293,1455119,0,0
2017-07-13,0.1308,0.1316,0.1124,0.1162,1146381,0,0
2017-07-14,0.1161,0.1179,0.1048,0.109,934863,0,0
2017-07-15,0.1095,0.1096,0.0965,0.0995,701671,0,0
2017-07-16,0.0993,0.1003,0.0837,0.0907,854669,0,0
2017-07-17,0.0906,0.1137,0.0905,0.1127,934958,0,0
2017-07-18,0.1124,0.1297,0.1074,0.1209,1423574,0,0
2017-07-19,0.1213,0.1254,0.0997,0.1033,1768924,0,0
2017-07-20,0.1038,0.1266,0.1039,0.1237,1466328,0,0
2017-07-21,0.1251,0.1338,0.122,0.129,1195761,0,0
2017-07-22,0.1287,0.1689,0.1287,0.1688,2225054,0,0
2017-07-23,0.1709,0.1738,0.1482,0.1621,2043066,0,0
2017-07-24,0.1603,0.2111,0.1522,0.1802,5340754,0,0
2017-07-25,0.1803,0.1985,0.1436,0.1467,4254458,0,0
2017-07-26,0.1462,0.1512,0.1319,0.1509,1739448,0,0
2017-07-27,0.1511,0.1545,0.141,0.144,1482247,0,0
2017-07-28,0.1447,0.1447,0.1308,0.1331,2033788,0,0
2017-07-29,0.1313,0.1346,0.1247,0.1346,948508,0,0
2017-07-30,0.1344,0.1359,0.1247,0.1254,1087782,0,0
2017-07-31,0.1255,0.1307,0.1226,0.1303,1738172,0,0
2017-08-01,0.1304,0.1616,0.1248,0.1514,3115392,0,0
2017-08-02,0.1514,0.1652,0.1418,0.1459,2192448,0,0
2017-08-03,0.1466,0.1768,0.1431,0.1768,2974290,0,0
2017-08-04,0.1769,0.1885,0.1688,0.1769,3997135,0,0
2017-08-05,0.1777,0.2115,0.1737,0.2011,3043625,0,0
2017-08-06,0.2012,0.22,0.1879,0.2121,4746321,0,0
2017-08-07,0.2098,0.244,0.1992,0.2164,5119863,0,0
2017-08-08,0.2176,0.234,0.2042,0.2165,4120566,0,0
2017-08-09,0.2164,0.2197,0.2004,0.2044,2642819,0,0
2017-08-10,0.2033,0.2736,0.1921,0.2545,10559209,0,0
2017-08-11,0.253,0.3122,0.2409,0.2906,17932147,0,0
2017-08-12,0.2912,0.2927,0.2522,0.2657,7647830,0,0
2017-08-13,0.2661,0.2716,0.2373,0.269,5641742,0,0
2017-08-14,0.2685,0.2781,0.2346,0.251,6102371,0,0
2017-08-15,0.2515,0.2517,0.2225,0.2478,4146752,0,0
2017-08-16,0.2496,0.2762,0.2391,0.2762,4942800,0,0
2017-08-17,0.2777,0.3732,0.2665,0.3203,31884091,0,0
2017-08-18,0.3181,0.318,0.2497,0.2704,7871466,0,0
2017-08-19,0.2682,0.2821,0.2366,0.2674,4592353,0,0
2017-08-20,0.2659,0.2665,0.2479,0.2594,3529806,0,0
2017-08-21,0.2598,0.2606,0.2406,0.245,3617969,0,0
2017-08-22,0.2454,0.2489,0.2163,0.2387,3056673,0,0
2017-08-23,0.238,0.2597,0.2346,0.2488,3332580,0,0
2017-08-24,0.2449,0.26,0.2419,0.2567,2700111,0,0
2017-08-25,0.2575,0.2854,0.2532,0.2548,3181181,0,0
2017-08-26,0.2559,0.2605,0.2454,0.2541,2927722,0,0
2017-08-27,0.254,0.2641,0.2525,0.262,2581581,0,0
2017-08-28,0.262,0.2952,0.2553,0.2849,4729598,0,0
2017-08-29,0.2854,0.308,0.279,0.3088,6325541,0,0
2017-08-30,0.3087,0.3171,0.279,0.2999,4331721,0,0
2017-08-31,0.3001,0.3566,0.2975,0.3389,8363429,0,0
2017-09-01,0.3396,0.3844,0.3292,0.362,11189582,0,0
2017-09-02,0.3618,0.3619,0.2908,0.3029,5671943,0,0
2017-09-03,0.3003,0.337,0.2792,0.2986,4556939,0,0
2017-09-04,0.2995,0.2995,0.2092,0.2501,6951355,0,0
2017-09-05,0.251,0.279,0.2099,0.2703,4173745,0,0
2017-09-06,0.2695,0.2863,0.2623,0.2757,3971383,0,0
2017-09-07,0.2742,0.3024,0.2639,0.3001,3896536,0,0
2017-09-08,0.3015,0.3025,0.2389,0.2622,5312258,0,0
2017-09-09,0.2628,0.2739,0.2518,0.2663,2047608,0,0
2017-09-10,0.2665,0.2666,0.2342,0.2431,2685042,0,0
2017-09-11,0.2445,0.2582,0.2359,0.2579,2406937,0,0
2017-09-12,0.2583,0.2792,0.2453,0.2579,3907208,0,0
2017-09-13,0.2578,0.2581,0.2179,0.2348,2655641,0,0
2017-09-14,0.2357,0.2397,0.1825,0.1862,3222294,0,0
2017-09-15,0.1881,0.2375,0.167,0.2305,3863461,0,0
2017-09-16,0.2289,0.2854,0.2176,0.2691,6738850,0,0
2017-09-17,0.269,0.2941,0.2557,0.2877,8667523,0,0
2017-09-18,0.2877,0.3209,0.281,0.3019,13401900,0,0
2017-09-19,0.2992,0.2992,0.26,0.26,5009509,0,0
2017-09-20,0.2605,0.2844,0.2521,0.2757,4092199,0,0
2017-09-21,0.2746,0.279,0.2337,0.2498,5549852,0,0
2017-09-22,0.2488,0.2535,0.2286,0.2424,3054637,0,0
2017-09-23,0.2417,0.263,0.237,0.2609,2558135,0,0
2017-09-24,0.2612,0.2648,0.2448,0.2448,3097129,0,0
2017-09-25,0.2449,0.2689,0.2441,0.2661,2365956,0,0
2017-09-26,0.266,0.273,0.2601,0.2638,2444301,0,0
2017-09-27,0.263,0.2931,0.2568,0.29,3330047,0,0
2017-09-28,0.2927,0.321,0.2914,0.3099,6834218,0,0
2017-09-29,0.3101,0.3102,0.2756,0.2954,3862369,0,0
2017-09-30,0.2941,0.316,0.2932,0.3066,3161717,0,0
2017-10-01,0.3068,0.323,0.305,0.3188,3458594,0,0
2017-10-02,0.3164,0.3239,0.3126,0.32,3149953,0,0
2017-10-03,0.3191,0.3402,0.3114,0.3317,7917909,0,0
2017-10-04,0.3294,0.3469,0.3037,0.3039,6957203,0,0
2017-10-05,0.3062,0.3118,0.2803,0.2922,5795540,0,0
2017-10-06,0.2904,0.3021,0.2864,0.2917,3313401,0,0
2017-10-07,0.2911,0.2921,0.2584,0.2685,4726471,0,0
2017-10-08,0.2679,0.2745,0.2334,0.2412,4703807,0,0
2017-10-09,0.2422,0.2487,0.2122,0.2379,3982517,0,0
2017-10-10,0.2402,0.2559,0.2261,0.2438,3363507,0,0
2017-10-11,0.2439,0.2537,0.2374,0.2399,3559144,0,0
2017-10-12,0.2403,0.2702,0.2194,0.2376,6043411,0,0
2017-10-13,0.239,0.2434,0.2026,0.2179,5334898,0,0
2017-10-14,0.2178,0.2281,0.211,0.2187,1777518,0,0
2017-10-15,0.2198,0.2198,0.1903,0.198,2587620,0,0
2017-10-16,0.1983,0.2337,0.1775,0.2214,5536444,0,0
2017-10-17,0.2205,0.2463,0.2019,0.2066,5006969,0,0
2017-10-18,0.2068,0.2068,0.1903,0.2025,2173883,0,0
2017-10-19,0.2029,0.2088,0.1878,0.1918,2213020,0,0
2017-10-20,0.1918,0.2089,0.1918,0.193,2477280,0,0
2017-10-21,0.1916,0.1943,0.1687,0.1805,2841039,0,0
2017-10-22,0.1814,0.1938,0.1741,0.1799,1656318,0,0
2017-10-23,0.1794,0.1808,0.1652,0.1784,1726750,0,0
2017-10-24,0.1764,0.231,0.1715,0.1999,4131759,0,0
2017-10-25,0.1999,0.2041,0.1866,0.1975,2592273,0,0
2017-10-26,0.1964,0.202,0.1876,0.1893,2137215,0,0
2017-10-27,0.1895,0.1908,0.1819,0.1825,1672711,0,0
2017-10-28,0.1837,0.2011,0.1811,0.1994,2601608,0,0
2017-10-29,0.1986,0.2011,0.1836,0.1871,2844641,0,0
2017-10-30,0.1875,0.1924,0.1828,0.1882,1597492,0,0
2017-10-31,0.188,0.2145,0.1869,0.1997,4351462,0,0
2017-11-01,0.1982,0.2076,0.1776,0.1783,3384195,0,0
2017-11-02,0.1797,0.2218,0.1641,0.2138,6784111,0,0
2017-11-03,0.2096,0.2127,0.1631,0.1873,4361500,0,0
2017-11-04,0.1869,0.1869,0.1759,0.1808,2018226,0,0
2017-11-05,0.1803,0.1848,0.1771,0.1795,1488550,0,0
2017-11-06,0.1799,0.1817,0.1733,0.1752,1990109,0,0
2017-11-07,0.1755,0.1859,0.1754,0.1811,1499792,0,0
2017-11-08,0.1808,0.1984,0.1783,0.1899,2927231,0,0
2017-11-09,0.1904,0.2119,0.19,0.2032,2872928,0,0
2017-11-10,0.2029,0.2043,0.1707,0.1771,2050213,0,0
2017-11-11,0.1772,0.1846,0.1656,0.1739,1615622,0,0
2017-11-12,0.175,0.175,0.147,0.1585,1967016,0,0
2017-11-13,0.1582,0.193,0.1571,0.1827,2733716,0,0
2017-11-14,0.1836,0.1917,0.1719,0.1881,3572179,0,0
2017-11-15,0.1856,0.1909,0.1764,0.1832,3096189,0,0
2017-11-16,0.1842,0.2195,0.1779,0.2133,8285389,0,0
2017-11-17,0.2123,0.2306,0.1977,0.205,6784981,0,0
2017-11-18,0.206,0.2113,0.1986,0.2073,3951054,0,0
2017-11-19,0.2086,0.2103,0.2021,0.2064,3140719,0,0
2017-11-20,0.2046,0.2083,0.1998,0.2021,3793902,0,0
2017-11-21,0.2021,0.214,0.1958,0.1976,3547601,0,0
2017-11-22,0.1977,0.2132,0.1973,0.2125,3920450,0,0
2017-11-23,0.2121,0.2133,0.1996,0.2011,3926543,0,0
2017-11-24,0.2015,0.205,0.1965,0.2037,4357522,0,0
2017-11-25,0.2035,0.2108,0.198,0.2108,4814156,0,0
2017-11-26,0.2113,0.228,0.2103,0.2279,5158807,0,0
2017-11-27,0.2279,0.2411,0.2241,0.2381,5318299,0,0
2017-11-28,0.2381,0.2507,0.2367,0.2504,5792916,0,0
2017-11-29,0.2502,0.2653,0.1926,0.1948,7612670,0,0
2017-11-30,0.1998,0.2249,0.1809,0.2057,4371973,0,0
2017-12-01,0.2056,0.2267,0.1982,0.2243,3953575,0,0
2017-12-02,0.2247,0.2247,0.2121,0.2145,3962158,0,0
2017-12-03,0.2157,0.2282,0.2034,0.2165,4826203,0,0
2017-12-04,0.2162,0.2599,0.215,0.244,9082981,0,0
2017-12-05,0.2436,0.2879,0.2368,0.2853,12380100,0,0
2017-12-06,0.2845,0.2912,0.245,0.2634,13587426,0,0
2017-12-07,0.2615,0.2675,0.2166,0.2236,11249000,0,0
2017-12-08,0.2249,0.2435,0.2174,0.2389,7583804,0,0
2017-12-09,0.2381,0.2562,0.2246,0.238,6239262,0,0
2017-12-10,0.2375,0.2375,0.1991,0.2252,6346139,0,0
2017-12-11,0.2255,0.3031,0.225,0.271,19001167,0,0
2017-12-12,0.2739,0.3497,0.2615,0.3163,39513510,0,0
2017-12-13,0.3153,0.3272,0.2868,0.3062,14944481,0,0
2017-12-14,0.304,0.3188,0.2881,0.3073,17027406,0,0
2017-12-15,0.3076,0.3112,0.2714,0.303,12469109,0,0
2017-12-16,0.3055,0.3489,0.3051,0.3483,15862143,0,0
2017-12-17,0.3479,0.4525,0.346,0.4008,33356019,0,0
2017-12-18,0.402,0.562,0.3982,0.5089,42183820,0,0
2017-12-19,0.5083,0.5363,0.4608,0.4837,27847208,0,0
2017-12-20,0.4844,0.484,0.4109,0.4833,21769832,0,0
2017-12-21,0.4857,0.5287,0.4467,0.4716,26782148,0,0
2017-12-22,0.4725,0.4774,0.2807,0.3843,17243144,0,0
2017-12-23,0.3879,0.4627,0.3879,0.4171,12683337,0,0
2017-12-24,0.4216,0.4748,0.3661,0.4748,12634764,0,0
2017-12-25,0.4752,0.5877,0.4508,0.4968,34621853,0,0
2017-12-26,0.4956,0.5726,0.4329,0.5137,28017463,0,0
2017-12-27,0.5169,0.5738,0.4813,0.5142,34786994,0,0
2017-12-28,0.5117,0.5116,0.4171,0.4796,20510352,0,0
2017-12-29,0.4832,0.504,0.4497,0.48,16630441,0,0
2017-12-30,0.477,0.477,0.4062,0.4451,18782617,0,0
2017-12-31,0.4413,0.544,0.4356,0.5184,23261916,0,0
2018-01-01,0.5197,0.6173,0.4921,0.5971,29587364,0,0
2018-01-02,0.5951,0.7857,0.5951,0.7045,76927680,0,0
2018-01-03,0.7075,0.8487,0.6416,0.8168,66971717,0,0
2018-01-04,0.8092,0.8575,0.7594,0.792,62341836,0,0
2018-01-05,0.7797,0.8297,0.6505,0.6858,57860641,0,0
2018-01-06,0.6898,0.9297,0.6861,0.8236,64409365,0,0
2018-01-07,0.8218,1.0439,0.8218,0.9397,97699471,0,0
2018-01-08,0.9424,1.1466,0.7297,1.053,88830069,0,0
2018-01-09,1.0599,1.222,1.0143,1.1126,108470910,0,0
2018-01-10,1.1188,1.1186,0.9189,1.0052,60643899,0,0
2018-01-11,1.0027,1.0034,0.7782,0.8179,42724187,0,0
2018-01-12,0.8346,0.9614,0.7955,0.924,40426538,0,0
2018-01-13,0.9252,0.9843,0.9141,0.9513,36363202,0,0
2018-01-14,0.9537,0.9537,0.7973,0.8254,33576039,0,0
2018-01-15,0.8232,0.9058,0.7586,0.857,35866959,0,0
2018-01-16,0.8593,0.8593,0.456,0.601,33983861,0,0
2018-01-17,0.5968,0.7319,0.4383,0.7319,32764762,0,0
2018-01-18,0.7381,0.8234,0.7056,0.7346,42168884,0,0
2018-01-19,0.7282,0.7882,0.6923,0.7411,23688635,0,0
2018-01-20,0.747,0.845,0.7461,0.8148,18238061,0,0
2018-01-21,0.8161,0.8161,0.6529,0.6935,12821595,0,0
2018-01-22,0.699,0.7175,0.5768,0.6371,20698629,0,0
2018-01-23,0.6405,0.7177,0.5891,0.7177,21244947,0,0
2018-01-24,0.7154,0.7715,0.6512,0.6705,43941759,0,0
2018-01-25,0.68,0.7028,0.6656,0.6871,24750696,0,0
2018-01-26,0.6865,0.6957,0.6122,0.6878,20263844,0,0
2018-01-27,0.6868,0.8183,0.6762,0.815,37748276,0,0
2018-01-28,0.8146,0.8146,0.7599,0.8004,31556864,0,0
2018-01-29,0.7976,0.8092,0.7321,0.7489,24636054,0,0
2018-01-30,0.7491,0.7502,0.6255,0.6283,20777937,0,0
2018-01-31,0.6284,0.6491,0.5951,0.636,21535701,0,0
2018-02-01,0.6388,0.6531,0.5185,0.5663,16913802,0,0
2018-02-02,0.566,0.5663,0.4025,0.517,8715169,0,0
2018-02-03,0.5196,0.5789,0.4765,0.5572,10644797,0,0
2018-02-04,0.5554,0.5714,0.4433,0.4793,9966989,0,0
2018-02-05,0.4747,0.4838,0.3507,0.3697,9476028,0,0
2018-02-06,0.3704,0.4831,0.2897,0.4466,11556675,0,0
2018-02-07,0.445,0.4817,0.398,0.4281,9688417,0,0
2018-02-08,0.4276,0.4955,0.4277,0.4693,7209506,0,0
2018-02-09,0.4712,0.5033,0.4481,0.4867,5601075,0,0
2018-02-10,0.487,0.5123,0.4323,0.4543,5571690,0,0
2018-02-11,0.4535,0.4535,0.405,0.42,3542590,0,0
2018-02-12,0.4221,0.4891,0.4221,0.4785,4640217,0,0
2018-02-13,0.4781,0.4802,0.4283,0.4375,4195203,0,0
2018-02-14,0.4375,0.5039,0.4354,0.4941,5717333,0,0
2018-02-15,0.4927,0.5368,0.4923,0.5173,6821021,0,0
2018-02-16,0.5163,0.5509,0.5148,0.5465,6229479,0,0
2018-02-17,0.5482,0.6047,0.5423,0.6012,6771114,0,0
2018-02-18,0.6037,0.6037,0.5218,0.5331,6174287,0,0
2018-02-19,0.5302,0.5488,0.5148,0.5349,5470709,0,0
2018-02-20,0.5356,0.5528,0.4912,0.4955,7027594,0,0
2018-02-21,0.4951,0.513,0.4604,0.4618,5510565,0,0
2018-02-22,0.4618,0.4797,0.4277,0.4346,4538669,0,0
2018-02-23,0.4337,0.4636,0.4256,0.4538,3540002,0,0
2018-02-24,0.4519,0.4602,0.4204,0.429,4359581,0,0
2018-02-25,0.4274,0.4779,0.4274,0.4512,7325165,0,0
2018-02-26,0.4512,0.4715,0.441,0.4636,3360555,0,0
2018-02-27,0.4653,0.4814,0.4552,0.4667,4476669,0,0
2018-02-28,0.466,0.4782,0.4357,0.4363,4083930,0,0
2018-03-01,0.4362,0.5181,0.4214,0.4811,14257807,0,0
2018-03-02,0.4794,0.5401,0.4742,0.5224,16860907,0,0
2018-03-03,0.5213,0.5235,0.4804,0.4884,6462515,0,0
2018-03-04,0.4878,0.489,0.4735,0.4857,4198404,0,0
2018-03-05,0.4853,0.5054,0.4822,0.4873,5214145,0,0
2018-03-06,0.4874,0.4876,0.4309,0.438,4080769,0,0
2018-03-07,0.437,0.4476,0.361,0.3871,6375315,0,0
2018-03-08,0.3852,0.4005,0.3465,0.3498,4149623,0,0
2018-03-09,0.3474,0.3497,0.2952,0.3327,6472378,0,0
2018-03-10,0.3315,0.3801,0.3315,0.3344,5466867,0,0
2018-03-11,0.333,0.3595,0.3223,0.3496,3310392,0,0
2018-03-12,0.3485,0.359,0.3283,0.3361,8929326,0,0
2018-03-13,0.3352,0.3432,0.3182,0.3196,5459962,0,0
2018-03-14,0.3195,0.3255,0.2793,0.2865,6018439,0,0
2018-03-15,0.2868,0.2914,0.2421,0.2557,9304614,0,0
2018-03-16,0.2568,0.2683,0.2497,0.2589,5746746,0,0
2018-03-17,0.2601,0.2642,0.2443,0.249,6060483,0,0
2018-03-18,0.2484,0.2487,0.2054,0.2477,6710581,0,0
2018-03-19,0.2475,0.2697,0.2419,0.267,5742984,0,0
2018-03-20,0.2697,0.2892,0.2562,0.2767,6202514,0,0
2018-03-21,0.2773,0.2932,0.2659,0.2684,6570563,0,0
2018-03-22,0.2681,0.2811,0.2486,0.2684,4944683,0,0
2018-03-23,0.2691,0.2731,0.2508,0.2731,6489031,0,0
2018-03-24,0.2762,0.3032,0.2726,0.2771,7007259,0,0
2018-03-25,0.2737,0.2859,0.2634,0.2717,5272508,0,0
2018-03-26,0.2725,0.3002,0.2379,0.2784,15214510,0,0
2018-03-27,0.2783,0.3362,0.2649,0.2912,26355700,0,0
2018-03-28,0.2889,0.3003,0.2818,0.289,9459172,0,0
2018-03-29,0.2883,0.2902,0.2398,0.2433,6197358,0,0
2018-03-30,0.2428,0.2455,0.228,0.2397,6326673,0,0
2018-03-31,0.2396,0.2525,0.2396,0.2518,5180551,0,0
2018-04-01,0.2522,0.2552,0.2253,0.24,5769575,0,0
2018-04-02,0.241,0.2585,0.2391,0.2576,6231337,0,0
2018-04-03,0.2576,0.2894,0.2574,0.2709,13266759,0,0
2018-04-04,0.2707,0.271,0.24,0.2402,5533832,0,0
2018-04-05,0.2396,0.2699,0.231,0.2373,9054146,0,0
2018-04-06,0.2369,0.2412,0.229,0.2302,5421296,0,0
2018-04-07,0.2304,0.2516,0.2302,0.2488,5969919,0,0
2018-04-08,0.2493,0.2591,0.2486,0.2556,5398669,0,0
2018-04-09,0.2549,0.2584,0.2336,0.2375,5698549,0,0
2018-04-10,0.2382,0.2505,0.2325,0.2505,6561147,0,0
2018-04-11,0.2505,0.2642,0.2482,0.2627,6037961,0,0
2018-04-12,0.2621,0.2938,0.2508,0.2937,7460090,0,0
2018-04-13,0.2949,0.3266,0.2859,0.3051,9597290,0,0
2018-04-14,0.3054,0.3292,0.304,0.3244,6342446,0,0
2018-04-15,0.3241,0.3363,0.3241,0.3363,6299206,0,0
2018-04-16,0.3371,0.3451,0.327,0.3414,9489241,0,0
2018-04-17,0.3416,0.3536,0.3346,0.3453,8900181,0,0
2018-04-18,0.3451,0.5088,0.345,0.4568,61289255,0,0
2018-04-19,0.4576,0.5071,0.4459,0.4866,34542267,0,0
2018-04-20,0.4856,0.5327,0.4721,0.5203,21167818,0,0
2018-04-21,0.5174,0.5271,0.48,0.525,10982185,0,0
2018-04-22,0.5268,0.5668,0.5119,0.5431,13584938,0,0
2018-04-23,0.5412,0.5601,0.5389,0.5597,9434981,0,0
2018-04-24,0.5591,0.6021,0.5592,0.587,13786812,0,0
2018-04-25,0.5869,0.5877,0.4899,0.5184,14057541,0,0
2018-04-26,0.5229,0.5659,0.5123,0.5653,9660243,0,0
2018-04-27,0.5662,0.5758,0.5342,0.5363,7418769,0,0
2018-04-28,0.5334,0.6048,0.5331,0.5655,16393956,0,0
2018-04-29,0.5645,0.5972,0.5578,0.5972,9766245,0,0
2018-04-30,0.5972,0.6447,0.5709,0.6156,16308830,0,0
2018-05-01,0.6162,0.6544,0.5676,0.6465,18699321,0,0
2018-05-02,0.6475,0.6704,0.6305,0.633,16426095,0,0
2018-05-03,0.6324,0.6654,0.628,0.6314,19281372,0,0
2018-05-04,0.6299,0.6439,0.615,0.6199,8853878,0,0
2018-05-05,0.6192,0.6265,0.5694,0.579,13349259,0,0
2018-05-06,0.5793,0.583,0.539,0.5624,7735159,0,0
2018-05-07,0.5628,0.5649,0.4924,0.5228,8939008,0,0
2018-05-08,0.5256,0.5425,0.4942,0.5071,7912805,0,0
2018-05-09,0.507,0.5076,0.4715,0.4873,7205839,0,0
2018-05-10,0.4864,0.503,0.4665,0.4893,10927008,0,0
2018-05-11,0.487,0.487,0.4046,0.4454,9715204,0,0
2018-05-12,0.4444,0.4695,0.4226,0.4652,6739107,0,0
2018-05-13,0.4683,0.5013,0.4546,0.4977,6256158,0,0
2018-05-14,0.4984,0.5296,0.4692,0.518,7732523,0,0
2018-05-15,0.5168,0.5212,0.4717,0.4794,6003578,0,0
2018-05-16,0.4804,0.5242,0.4431,0.5013,13901123,0,0
2018-05-17,0.5016,0.5374,0.4566,0.4592,11482211,0,0
2018-05-18,0.4592,0.474,0.4451,0.4658,4693245,0,0
2018-05-19,0.4663,0.4676,0.4455,0.4483,3567746,0,0
2018-05-20,0.4487,0.4586,0.4433,0.4523,2581748,0,0
2018-05-21,0.4528,0.4597,0.4406,0.4401,3127270,0,0
2018-05-22,0.44,0.4414,0.3949,0.3959,3553100,0,0
2018-05-23,0.3957,0.4037,0.3492,0.382,7439243,0,0
2018-05-24,0.3827,0.4173,0.3621,0.4014,7116720,0,0
2018-05-25,0.402,0.4031,0.3716,0.3774,2627311,0,0
2018-05-26,0.3772,0.3821,0.3671,0.3677,2218062,0,0
2018-05-27,0.3675,0.3684,0.3599,0.364,1870101,0,0
2018-05-28,0.364,0.3656,0.3251,0.3251,2942721,0,0
2018-05-29,0.3252,0.3689,0.3197,0.3669,3963026,0,0
2018-05-30,0.3665,0.3756,0.3394,0.3436,2955901,0,0
2018-05-31,0.3436,0.3651,0.341,0.3595,3067210,0,0
2018-06-01,0.3598,0.3627,0.3487,0.3605,2388122,0,0
2018-06-02,0.36,0.3858,0.3542,0.3793,4164253,0,0
2018-06-03,0.3775,0.3941,0.3754,0.3832,3098499,0,0
2018-06-04,0.3814,0.3844,0.3604,0.3642,2447822,0,0
2018-06-05,0.3642,0.3672,0.345,0.361,3267997,0,0
2018-06-06,0.3609,0.3609,0.343,0.35,2156637,0,0
2018-06-07,0.3501,0.3605,0.3497,0.3596,2727360,0,0
2018-06-08,0.3603,0.3614,0.3469,0.3518,2122920,0,0
2018-06-09,0.3519,0.358,0.3433,0.3433,2039696,0,0
2018-06-10,0.3434,0.3434,0.2876,0.2959,3249335,0,0
2018-06-11,0.2959,0.305,0.2891,0.3034,2494724,0,0
2018-06-12,0.304,0.3041,0.2652,0.271,3126814,0,0
2018-06-13,0.2716,0.2715,0.2431,0.253,2084657,0,0
2018-06-14,0.253,0.2929,0.2465,0.2879,3463808,0,0
2018-06-15,0.2877,0.3212,0.28,0.3114,5459027,0,0
2018-06-16,0.3094,0.3406,0.3087,0.3191,9589443,0,0
2018-06-17,0.3202,0.3378,0.3036,0.304,4565195,0,0
2018-06-18,0.3034,0.3433,0.3015,0.3398,5440686,0,0
2018-06-19,0.3402,0.3436,0.3287,0.3396,4614328,0,0
2018-06-20,0.3393,0.3616,0.3213,0.3505,4492938,0,0
2018-06-21,0.3509,0.4132,0.351,0.4113,10270961,0,0
2018-06-22,0.4068,0.4088,0.3215,0.3304,9793614,0,0
2018-06-23,0.3313,0.3709,0.3275,0.3661,6308297,0,0
2018-06-24,0.3668,0.3668,0.3126,0.3416,4713202,0,0
2018-06-25,0.3404,0.3477,0.3268,0.3294,4061648,0,0
2018-06-26,0.332,0.3343,0.3002,0.3004,3029865,0,0
2018-06-27,0.2992,0.3037,0.289,0.2982,2283924,0,0
2018-06-28,0.2982,0.3001,0.2716,0.2725,2521436,0,0
2018-06-29,0.2708,0.2894,0.2616,0.2869,2869519,0,0
2018-06-30,0.2866,0.3202,0.2865,0.3192,3534634,0,0
2018-07-01,0.3187,0.3407,0.3105,0.3385,3111145,0,0
2018-07-02,0.3393,0.3639,0.3284,0.3583,4825545,0,0
2018-07-03,0.3578,0.3642,0.3224,0.328,4828502,0,0
2018-07-04,0.3285,0.3418,0.3224,0.3286,3521900,0,0
2018-07-05,0.3293,0.3361,0.3106,0.3171,3185176,0,0
2018-07-06,0.3168,0.3567,0.3108,0.3431,5851021,0,0
2018-07-07,0.3466,0.3534,0.3331,0.3519,4171573,0,0
2018-07-08,0.3528,0.3649,0.3454,0.3594,3072716,0,0
2018-07-09,0.3588,0.3688,0.3463,0.3473,3621873,0,0
2018-07-10,0.3437,0.3442,0.3131,0.3192,3616192,0,0
2018-07-11,0.3196,0.3613,0.3194,0.3548,5924647,0,0
2018-07-12,0.3547,0.3561,0.3315,0.3533,6277374,0,0
2018-07-13,0.3543,0.4488,0.3492,0.4421,22083924,0,0
2018-07-14,0.4401,0.4531,0.4051,0.4186,20534937,0,0
2018-07-15,0.4178,0.4504,0.4056,0.4173,11096007,0,0
2018-07-16,0.42,0.4744,0.4174,0.4693,12344148,0,0
2018-07-17,0.4674,0.5025,0.4595,0.4735,20950913,0,0
2018-07-18,0.4762,0.5116,0.4687,0.4695,17899920,0,0
2018-07-19,0.4691,0.4909,0.448,0.4499,10360014,0,0
2018-07-20,0.45,0.4504,0.3975,0.4138,9208940,0,0
2018-07-21,0.4157,0.444,0.4003,0.4311,8039008,0,0
2018-07-22,0.4303,0.4588,0.425,0.4307,8030843,0,0
2018-07-23,0.4302,0.554,0.4263,0.4579,119103678,0,0
2018-07-24,0.4595,0.5385,0.4478,0.4572,54741347,0,0
2018-07-25,0.4553,0.4673,0.4164,0.431,22054298,0,0
2018-07-26,0.432,0.442,0.3896,0.3985,8545698,0,0
2018-07-27,0.3988,0.4317,0.3909,0.4221,12932328,0,0
2018-07-28,0.4238,0.4278,0.4178,0.4235,5069990,0,0
2018-07-29,0.4239,0.4286,0.4089,0.4115,4672718,0,0
2018-07-30,0.4119,0.4119,0.3785,0.3956,4112076,0,0
2018-07-31,0.3946,0.3948,0.3583,0.3608,4897201,0,0
2018-08-01,0.3601,0.3695,0.3467,0.3685,4594184,0,0
2018-08-02,0.3696,0.3825,0.3431,0.345,4683604,0,0
2018-08-03,0.3435,0.3517,0.3249,0.3448,4919101,0,0
2018-08-04,0.3454,0.3498,0.3204,0.3247,3492278,0,0
2018-08-05,0.3248,0.3327,0.3197,0.3304,3218739,0,0
2018-08-06,0.3308,0.3532,0.3308,0.3506,5015538,0,0
2018-08-07,0.3501,0.394,0.3424,0.3476,11434837,0,0
2018-08-08,0.3475,0.3473,0.2788,0.2875,9533162,0,0
2018-08-09,0.2884,0.3258,0.2865,0.3224,4939358,0,0
2018-08-10,0.321,0.325,0.2823,0.2915,4532787,0,0
2018-08-11,0.2919,0.2998,0.2625,0.2898,8713725,0,0
2018-08-12,0.2878,0.2887,0.2748,0.2774,3141348,0,0
2018-08-13,0.2779,0.2935,0.2474,0.2488,6482932,0,0
2018-08-14,0.2444,0.2474,0.2057,0.2474,7510947,0,0
2018-08-15,0.2494,0.2713,0.2457,0.2465,6526477,0,0
2018-08-16,0.2462,0.2704,0.241,0.2574,5188356,0,0
2018-08-17,0.2579,0.2971,0.2575,0.2953,5209871,0,0
2018-08-18,0.297,0.2992,0.2576,0.2703,3982310,0,0
2018-08-19,0.2702,0.3008,0.2663,0.2884,4629297,0,0
2018-08-20,0.2893,0.2972,0.255,0.2551,3710649,0,0
2018-08-21,0.2536,0.2791,0.2528,0.2784,4668348,0,0
2018-08-22,0.2782,0.2903,0.2501,0.2566,5192442,0,0
2018-08-23,0.2559,0.2739,0.255,0.2729,5941668,0,0
2018-08-24,0.2753,0.2763,0.2657,0.2761,5816815,0,0
2018-08-25,0.2759,0.278,0.2693,0.2767,4784238,0,0
2018-08-26,0.2767,0.2783,0.2654,0.2719,4658763,0,0
2018-08-27,0.2724,0.2893,0.2703,0.2888,6825756,0,0
2018-08-28,0.2898,0.3046,0.2894,0.3017,8936609,0,0
2018-08-29,0.3018,0.3019,0.2822,0.2898,7456098,0,0
2018-08-30,0.2899,0.2903,0.2688,0.2791,8365430,0,0
2018-08-31,0.2797,0.2917,0.2759,0.2862,7132400,0,0
2018-09-01,0.2848,0.3044,0.2846,0.2967,4623198,0,0
2018-09-02,0.297,0.3069,0.2926,0.3026,4264481,0,0
2018-09-03,0.303,0.305,0.2952,0.2983,4229653,0,0
2018-09-04,0.2986,0.309,0.2967,0.3043,4429414,0,0
2018-09-05,0.3042,0.3148,0.2408,0.2408,7522542,0,0
2018-09-06,0.2402,0.2438,0.2245,0.2416,6200558,0,0
2018-09-07,0.2411,0.2424,0.2275,0.2279,5315778,0,0
2018-09-08,0.2281,0.2333,0.205,0.2091,5960980,0,0
2018-09-09,0.2092,0.2193,0.1997,0.2062,4622046,0,0
2018-09-10,0.2063,0.2084,0.1944,0.1985,4480206,0,0
2018-09-11,0.1993,0.208,0.1874,0.1941,5218590,0,0
2018-09-12,0.1946,0.1966,0.1722,0.1915,5917313,0,0
2018-09-13,0.1913,0.2176,0.1906,0.2158,6114357,0,0
2018-09-14,0.2155,0.2189,0.1967,0.2029,5376519,0,0
2018-09-15,0.2016,0.215,0.1998,0.2138,3711775,0,0
2018-09-16,0.214,0.214,0.2017,0.2047,4140178,0,0
2018-09-17,0.2049,0.216,0.183,0.1878,5019590,0,0
2018-09-18,0.1881,0.1975,0.1841,0.1912,4178789,0,0
2018-09-19,0.1913,0.1946,0.1812,0.1936,2434074,0,0
2018-09-20,0.1945,0.2165,0.1945,0.2127,5533429,0,0
2018-09-21,0.2117,0.2337,0.208,0.2332,6945175,0,0
2018-09-22,0.2335,0.2373,0.2143,0.2269,5857321,0,0
2018-09-23,0.2274,0.2316,0.2228,0.226,2969384,0,0
2018-09-24,0.2264,0.2279,0.2116,0.2129,3616544,0,0
2018-09-25,0.2131,0.2131,0.1962,0.2113,6998682,0,0
2018-09-26,0.2135,0.2181,0.2043,0.2145,4180175,0,0
2018-09-27,0.2144,0.229,0.2096,0.2273,4380961,0,0
2018-09-28,0.2277,0.2309,0.2127,0.2185,4459600,0,0
2018-09-29,0.2184,0.2206,0.2093,0.2174,2646759,0,0
2018-09-30,0.2174,0.2251,0.2162,0.2199,2264828,0,0
2018-10-01,0.2196,0.2231,0.2153,0.2196,3096246,0,0
2018-10-02,0.2193,0.2266,0.2181,0.2189,3871285,0,0
2018-10-03,0.2187,0.2187,0.2095,0.2135,2723110,0,0
2018-10-04,0.2137,0.2239,0.2129,0.2216,3822640,0,0
2018-10-05,0.2218,0.2374,0.2215,0.2343,7225082,0,0
2018-10-06,0.2343,0.2382,0.2214,0.225,3921318,0,0
2018-10-07,0.2256,0.2285,0.2213,0.2273,3292758,0,0
2018-10-08,0.2282,0.2324,0.2261,0.2305,3470428,0,0
2018-10-09,0.2311,0.2341,0.2288,0.233,3545724,0,0
2018-10-10,0.2323,0.2374,0.2237,0.236,7047999,0,0
2018-10-11,0.2352,0.2396,0.2034,0.2137,11585285,0,0
2018-10-12,0.2112,0.2465,0.2058,0.2332,14787734,0,0
2018-10-13,0.2338,0.2384,0.2269,0.2305,4839170,0,0
2018-10-14,0.231,0.2318,0.2234,0.2244,5024788,0,0
2018-10-15,0.2248,0.2413,0.2214,0.2365,6902622,0,0
2018-10-16,0.2367,0.2449,0.2323,0.243,5184864,0,0
2018-10-17,0.243,0.2839,0.241,0.2783,34276380,0,0
2018-10-18,0.2792,0.2792,0.2639,0.2733,10383178,0,0
2018-10-19,0.2734,0.3178,0.2685,0.3095,27461256,0,0
2018-10-20,0.3094,0.3311,0.3025,0.3051,21198576,0,0
2018-10-21,0.3158,0.3561,0.3086,0.3397,23616298,0,0
2018-10-22,0.3438,0.3841,0.3329,0.3511,35687330,0,0
2018-10-23,0.354,0.3651,0.3225,0.3312,28377278,0,0
2018-10-24,0.3297,0.3728,0.3275,0.3583,24299072,0,0
2018-10-25,0.3583,0.3583,0.3394,0.3516,13243993,0,0
2018-10-26,0.3508,0.3586,0.3404,0.3457,9419459,0,0
2018-10-27,0.3451,0.3484,0.3177,0.3208,10549229,0,0
2018-10-28,0.322,0.3328,0.319,0.3278,7183742,0,0
2018-10-29,0.3273,0.3273,0.2988,0.3048,8668869,0,0
2018-10-30,0.3048,0.3362,0.3044,0.3254,13989093,0,0
2018-10-31,0.3254,0.3288,0.3145,0.3234,7210833,0,0
2018-11-01,0.3231,0.3363,0.3181,0.3303,11021365,0,0
2018-11-02,0.3305,0.4163,0.3306,0.3994,61249118,0,0
2018-11-03,0.3959,0.4035,0.3732,0.3802,44852429,0,0
2018-11-04,0.3802,0.3913,0.3726,0.3796,16431676,0,0
2018-11-05,0.3799,0.4289,0.379,0.405,44175829,0,0
2018-11-06,0.4055,0.4162,0.3958,0.4155,23444556,0,0
2018-11-07,0.416,0.4529,0.4075,0.4432,31775529,0,0
2018-11-08,0.4442,0.5022,0.4009,0.4009,94818796,0,0
2018-11-09,0.4039,0.4193,0.3588,0.366,53553585,0,0
2018-11-10,0.3701,0.3738,0.3507,0.3652,31355673,0,0
2018-11-11,0.3657,0.3695,0.3314,0.3375,26820164,0,0
2018-11-12,0.3398,0.3438,0.3218,0.3314,16867828,0,0
2018-11-13,0.3302,0.3506,0.3195,0.3218,20601890,0,0
2018-11-14,0.322,0.3255,0.2556,0.2842,17590868,0,0
2018-11-15,0.2845,0.2852,0.243,0.2835,15607606,0,0
2018-11-16,0.2855,0.3041,0.2778,0.2957,17337966,0,0
2018-11-17,0.2964,0.2964,0.2766,0.2807,9267660,0,0
2018-11-18,0.2814,0.2887,0.2798,0.282,7138395,0,0
2018-11-19,0.2825,0.2828,0.2291,0.2381,10112949,0,0
2018-11-20,0.2365,0.2456,0.1939,0.2136,10220882,0,0
2018-11-21,0.2142,0.2318,0.2059,0.2318,6518522,0,0
2018-11-22,0.2308,0.2462,0.2268,0.2271,14414259,0,0
2018-11-23,0.2244,0.2293,0.2084,0.2141,6998709,0,0
2018-11-24,0.2138,0.2247,0.1871,0.1946,5002764,0,0
2018-11-25,0.1946,0.1959,0.1662,0.1913,7109315,0,0
2018-11-26,0.192,0.2065,0.1745,0.1822,7725131,0,0
2018-11-27,0.1831,0.1906,0.1738,0.1873,7003159,0,0
2018-11-28,0.1879,0.2306,0.1877,0.2269,15103707,0,0
2018-11-29,0.2349,0.2368,0.2144,0.2254,16093773,0,0
2018-11-30,0.2259,0.2317,0.2109,0.2233,11600660,0,0
2018-12-01,0.2235,0.2362,0.2159,0.235,6333375,0,0
2018-12-02,0.2348,0.2426,0.2295,0.241,6947713,0,0
2018-12-03,0.2435,0.2435,0.2109,0.2202,8230378,0,0
2018-12-04,0.2198,0.2242,0.212,0.2171,5744107,0,0
2018-12-05,0.2173,0.2202,0.1966,0.1987,8218647,0,0
2018-12-06,0.1987,0.2056,0.1693,0.1693,8445691,0,0
2018-12-07,0.1694,0.1835,0.164,0.1809,11324518,0,0
2018-12-08,0.1814,0.1889,0.1736,0.1839,6309986,0,0
2018-12-09,0.1834,0.2016,0.1833,0.1918,6228201,0,0
2018-12-10,0.1917,0.1933,0.1833,0.1891,5581477,0,0
2018-12-11,0.188,0.1959,0.1815,0.1834,6437646,0,0
2018-12-12,0.1831,0.193,0.1826,0.1875,5879808,0,0
2018-12-13,0.1878,0.188,0.1748,0.1764,5245318,0,0
2018-12-14,0.1765,0.1784,0.1742,0.1768,5260086,0,0
2018-12-15,0.1766,0.1779,0.1641,0.1688,6096438,0,0
2018-12-16,0.1689,0.1764,0.1689,0.1728,4465990,0,0
2018-12-17,0.1732,0.191,0.1705,0.1859,6353223,0,0
2018-12-18,0.1862,0.1905,0.1762,0.1905,7069668,0,0
2018-12-19,0.191,0.1996,0.1848,0.186,8428656,0,0
2018-12-20,0.1856,0.2022,0.1842,0.2022,8973151,0,0
2018-12-21,0.2019,0.2034,0.1871,0.1893,9084241,0,0
2018-12-22,0.189,0.2057,0.1887,0.2029,10470766,0,0
2018-12-23,0.2028,0.2104,0.2001,0.2023,6971286,0,0
2018-12-24,0.2022,0.2136,0.2018,0.2051,11190863,0,0
2018-12-25,0.2053,0.2053,0.1826,0.1891,6089842,0,0
2018-12-26,0.1894,0.1969,0.1876,0.1924,6000783,0,0
2018-12-27,0.1929,0.1929,0.1745,0.175,7260243,0,0
2018-12-28,0.1751,0.1919,0.1745,0.1904,10210996,0,0
2018-12-29,0.1905,0.1961,0.1854,0.1856,6253351,0,0
2018-12-30,0.1856,0.1904,0.1842,0.1888,5413712,0,0
2018-12-31,0.1888,0.1888,0.1733,0.1752,5875797,0,0
2019-01-01,0.1758,0.1808,0.1728,0.179,7085706,0,0
2019-01-02,0.1797,0.1862,0.1776,0.1853,5117681,0,0
2019-01-03,0.1853,0.1854,0.1767,0.1777,5554735,0,0
2019-01-04,0.1781,0.1881,0.177,0.1852,7953593,0,0
2019-01-05,0.1848,0.1881,0.1822,0.1828,5292220,0,0
2019-01-06,0.1828,0.1911,0.1798,0.1882,6268733,0,0
2019-01-07,0.1889,0.1892,0.1829,0.1834,3682727,0,0
2019-01-08,0.1839,0.1893,0.1823,0.1865,3619313,0,0
2019-01-09,0.1869,0.1925,0.1864,0.1873,3545430,0,0
2019-01-10,0.1876,0.1887,0.1605,0.1662,6422610,0,0
2019-01-11,0.1655,0.1753,0.1648,0.1721,7717328,0,0
2019-01-12,0.1723,0.179,0.1686,0.1743,6696029,0,0
2019-01-13,0.174,0.1742,0.1595,0.1601,5755157,0,0
2019-01-14,0.1602,0.1685,0.1592,0.1669,6299104,0,0
2019-01-15,0.167,0.1679,0.1597,0.1611,6408903,0,0
2019-01-16,0.1606,0.168,0.16,0.1653,7218055,0,0
2019-01-17,0.1655,0.1716,0.165,0.1716,24924944,0,0
2019-01-18,0.1716,0.177,0.1651,0.167,12032720,0,0
2019-01-19,0.167,0.1727,0.1667,0.1721,10223049,0,0
2019-01-20,0.1718,0.1739,0.1613,0.1656,11485845,0,0
2019-01-21,0.1655,0.166,0.1602,0.1625,10262014,0,0
2019-01-22,0.1626,0.1663,0.1609,0.1654,14484749,0,0
2019-01-23,0.1654,0.1668,0.1626,0.1635,17548823,0,0
2019-01-24,0.1637,0.1659,0.1628,0.1654,18610115,0,0
2019-01-25,0.1658,0.171,0.1647,0.1696,18147933,0,0
2019-01-26,0.1697,0.1705,0.1655,0.1668,10696358,0,0
2019-01-27,0.1667,0.1675,0.1631,0.1643,11350282,0,0
2019-01-28,0.1652,0.1653,0.1479,0.1499,15058341,0,0
2019-01-29,0.1497,0.1532,0.1458,0.1519,12829914,0,0
2019-01-30,0.1525,0.1553,0.1502,0.1522,11227323,0,0
2019-01-31,0.1523,0.153,0.1463,0.1493,10625655,0,0
2019-02-01,0.1487,0.1504,0.1451,0.1463,9661065,0,0
2019-02-02,0.1463,0.148,0.145,0.1478,9265466,0,0
2019-02-03,0.1479,0.1481,0.144,0.1451,9650756,0,0
2019-02-04,0.1454,0.1455,0.1428,0.1432,8533326,0,0
2019-02-05,0.1428,0.1432,0.1381,0.1385,9813885,0,0
2019-02-06,0.1384,0.1774,0.1342,0.1543,26178042,0,0
2019-02-07,0.1544,0.1648,0.1491,0.1522,31461059,0,0
2019-02-08,0.1526,0.1624,0.1488,0.1581,20127394,0,0
2019-02-09,0.1588,0.1594,0.1562,0.1583,13179659,0,0
2019-02-10,0.1581,0.1726,0.1577,0.1658,17669642,0,0
2019-02-11,0.1661,0.1661,0.1601,0.1601,13021739,0,0
2019-02-12,0.1603,0.1604,0.1569,0.1572,12112466,0,0
2019-02-13,0.1573,0.1616,0.1569,0.1613,12396133,0,0
2019-02-14,0.161,0.1718,0.161,0.1669,17318250,0,0
2019-02-15,0.1676,0.1746,0.1675,0.1708,14449254,0,0
2019-02-16,0.1709,0.1747,0.1687,0.1704,11685674,0,0
2019-02-17,0.1704,0.1862,0.1692,0.1824,16960411,0,0
2019-02-18,0.1823,0.1925,0.1817,0.1895,17541349,0,0
2019-02-19,0.1893,0.1915,0.1817,0.1856,12240824,0,0
2019-02-20,0.1855,0.189,0.1836,0.188,11791869,0,0
2019-02-21,0.1878,0.1878,0.1782,0.18,12506618,0,0
2019-02-22,0.1803,0.1824,0.1775,0.1797,9604410,0,0
2019-02-23,0.1794,0.1897,0.1785,0.1858,9299555,0,0
2019-02-24,0.1858,0.1904,0.1677,0.1735,10989398,0,0
2019-02-25,0.1729,0.2013,0.1711,0.1958,16149656,0,0
2019-02-26,0.1943,0.2523,0.1894,0.217,90968034,0,0
2019-02-27,0.214,0.214,0.1983,0.2082,30044729,0,0
2019-02-28,0.2079,0.2188,0.2047,0.2144,24206422,0,0
2019-03-01,0.215,0.2243,0.2127,0.2189,15416598,0,0
2019-03-02,0.2183,0.2567,0.2183,0.2393,46896054,0,0
2019-03-03,0.2383,0.2384,0.2256,0.2266,23147176,0,0
2019-03-04,0.2266,0.2339,0.2134,0.2246,29169982,0,0
2019-03-05,0.2246,0.2385,0.2236,0.2369,25674246,0,0
2019-03-06,0.237,0.2378,0.231,0.2347,18246222,0,0
2019-03-07,0.2348,0.249,0.231,0.2442,17728275,0,0
2019-03-08,0.2446,0.2784,0.2446,0.262,47063886,0,0
2019-03-09,0.2627,0.2847,0.2567,0.2776,52802687,0,0
2019-03-10,0.2789,0.2853,0.2644,0.265,37290857,0,0
2019-03-11,0.2652,0.2706,0.2541,0.2587,29333305,0,0
2019-03-12,0.2584,0.2656,0.2472,0.2583,30284115,0,0
2019-03-13,0.2586,0.2639,0.2526,0.253,18342346,0,0
2019-03-14,0.2531,0.2665,0.2487,0.2588,20793036,0,0
2019-03-15,0.2586,0.2673,0.2583,0.2629,10598166,0,0
2019-03-16,0.2633,0.2678,0.262,0.2659,8719669,0,0
2019-03-17,0.2657,0.2661,0.2592,0.2604,7379610,0,0
2019-03-18,0.2605,0.2645,0.2565,0.261,10566953,0,0
2019-03-19,0.2609,0.262,0.2567,0.259,11089586,0,0
2019-03-20,0.2592,0.2594,0.2533,0.2592,13668820,0,0
2019-03-21,0.2598,0.2655,0.2544,0.262,18195395,0,0
2019-03-22,0.2618,0.2691,0.2589,0.2662,18440035,0,0
2019-03-23,0.2661,0.2722,0.2658,0.2705,16567205,0,0
2019-03-24,0.2704,0.2961,0.2704,0.2818,32555683,0,0
2019-03-25,0.282,0.2833,0.2684,0.2741,22241027,0,0
2019-03-26,0.2735,0.2959,0.2735,0.2905,32332958,0,0
2019-03-27,0.2909,0.3072,0.2859,0.3055,27489550,0,0
2019-03-28,0.3055,0.3511,0.3033,0.3418,42228605,0,0
2019-03-29,0.3412,0.4107,0.3412,0.3762,88044601,0,0
2019-03-30,0.3762,0.3809,0.3452,0.3619,38856401,0,0
2019-03-31,0.3619,0.3873,0.3531,0.3866,28427887,0,0
2019-04-01,0.3836,0.4068,0.3787,0.3787,44088180,0,0
2019-04-02,0.3789,0.4285,0.3775,0.4285,50393633,0,0
2019-04-03,0.4286,0.429,0.3725,0.3828,47322712,0,0
2019-04-04,0.3825,0.4059,0.3644,0.3798,56707084,0,0
2019-04-05,0.3787,0.4226,0.3787,0.4124,65272446,0,0
2019-04-06,0.4127,0.4211,0.399,0.406,54553427,0,0
2019-04-07,0.406,0.4141,0.3976,0.4014,50322601,0,0
2019-04-08,0.4016,0.4076,0.3879,0.3932,51487444,0,0
2019-04-09,0.3931,0.3931,0.3809,0.3871,57384470,0,0
2019-04-10,0.3872,0.4036,0.3854,0.3916,41915317,0,0
2019-04-11,0.3915,0.3924,0.3497,0.3629,37043523,0,0
2019-04-12,0.3624,0.3867,0.3519,0.3852,49314174,0,0
2019-04-13,0.3852,0.4176,0.3794,0.4154,52857756,0,0
2019-04-14,0.4153,0.4389,0.4036,0.409,64332103,0,0
2019-04-15,0.409,0.4203,0.388,0.3934,52284932,0,0
2019-04-16,0.3935,0.443,0.3912,0.4355,60846581,0,0
2019-04-17,0.4353,0.4507,0.4274,0.4463,62386921,0,0
2019-04-18,0.4467,0.4919,0.4468,0.471,72310782,0,0
2019-04-19,0.4703,0.5134,0.4651,0.506,63942088,0,0
2019-04-20,0.506,0.5827,0.5011,0.555,129772255,0,0
2019-04-21,0.5551,0.6691,0.5421,0.5945,233348397,0,0
2019-04-22,0.5936,0.6121,0.5275,0.5345,125894765,0,0
2019-04-23,0.5342,0.6054,0.5175,0.5663,139693501,0,0
2019-04-24,0.5679,0.6086,0.5373,0.5621,157864563,0,0
2019-04-25,0.5622,0.5865,0.5176,0.5216,93273138,0,0
2019-04-26,0.5231,0.5314,0.4917,0.5078,84677959,0,0
2019-04-27,0.5081,0.5311,0.4927,0.5256,63916173,0,0
2019-04-28,0.5256,0.5641,0.5235,0.5427,77941038,0,0
2019-04-29,0.543,0.5447,0.5016,0.5068,59807463,0,0
2019-04-30,0.5067,0.5329,0.5002,0.5148,57899328,0,0
2019-05-01,0.5148,0.5304,0.5076,0.523,60049955,0,0
2019-05-02,0.523,0.531,0.5076,0.5119,56017198,0,0
2019-05-03,0.512,0.5216,0.4947,0.5078,68372943,0,0
2019-05-04,0.5078,0.511,0.4682,0.4847,61408353,0,0
2019-05-05,0.4852,0.4997,0.4789,0.4836,48281336,0,0
2019-05-06,0.4834,0.4845,0.4505,0.4649,53994487,0,0
2019-05-07,0.4646,0.4718,0.4268,0.4274,55060063,0,0
2019-05-08,0.4273,0.448,0.4173,0.4231,51477380,0,0
2019-05-09,0.4231,0.4278,0.3715,0.3786,70871479,0,0
2019-05-10,0.379,0.5014,0.3783,0.4881,153275895,0,0
2019-05-11,0.4884,0.5128,0.4618,0.4948,138059624,0,0
2019-05-12,0.495,0.5451,0.4554,0.4752,108186317,0,0
2019-05-13,0.4752,0.49,0.4722,0.4802,79578576,0,0
2019-05-14,0.4815,0.5042,0.4697,0.4919,70989366,0,0
2019-05-15,0.4918,0.5478,0.4868,0.5456,73095960,0,0
2019-05-16,0.5449,0.5735,0.4945,0.5099,80394321,0,0
2019-05-17,0.5092,0.5143,0.4559,0.4975,83931265,0,0
2019-05-18,0.4974,0.5406,0.4892,0.5027,89595134,0,0
2019-05-19,0.5027,0.5297,0.5,0.5169,85766921,0,0
2019-05-20,0.5171,0.5173,0.4777,0.488,80780349,0,0
2019-05-21,0.488,0.5033,0.4709,0.4931,109044380,0,0
2019-05-22,0.4921,0.4958,0.4549,0.4639,60236242,0,0
2019-05-23,0.464,0.4698,0.4401,0.4698,69154216,0,0
2019-05-24,0.47,0.4846,0.4618,0.4728,76140485,0,0
2019-05-25,0.4728,0.4784,0.4646,0.4684,60063334,0,0
2019-05-26,0.4682,0.4797,0.4594,0.4755,67994596,0,0
2019-05-27,0.4756,0.521,0.4749,0.5076,90457547,0,0
2019-05-28,0.5078,0.509,0.4867,0.4985,72356363,0,0
2019-05-29,0.4987,0.4987,0.4708,0.489,65138708,0,0
2019-05-30,0.4887,0.5141,0.4387,0.4583,86677923,0,0
2019-05-31,0.4583,0.4741,0.4379,0.472,61981263,0,0
2019-06-01,0.472,0.4892,0.4643,0.482,65241938,0,0
2019-06-02,0.4825,0.4968,0.4797,0.4838,59493173,0,0
2019-06-03,0.4836,0.5009,0.4582,0.4629,78408900,0,0
2019-06-04,0.4629,0.4779,0.4332,0.4422,83685278,0,0
2019-06-05,0.4429,0.4597,0.4293,0.4419,66504744,0,0
2019-06-06,0.4421,0.4537,0.418,0.4396,62703256,0,0
2019-06-07,0.4394,0.4615,0.4357,0.4521,67512687,0,0
2019-06-08,0.4517,0.4652,0.4408,0.4491,63024614,0,0
2019-06-09,0.4493,0.4566,0.4178,0.4252,61107833,0,0
2019-06-10,0.4248,0.446,0.4184,0.4427,52905084,0,0
2019-06-11,0.4427,0.4443,0.4277,0.432,44963116,0,0
2019-06-12,0.4324,0.4487,0.4315,0.4452,52075678,0,0
2019-06-13,0.4449,0.446,0.4321,0.4337,54404625,0,0
2019-06-14,0.4342,0.4365,0.417,0.429,63616184,0,0
2019-06-15,0.4291,0.4481,0.4276,0.4425,61967284,0,0
2019-06-16,0.4424,0.4526,0.4336,0.4506,68680763,0,0
2019-06-17,0.4509,0.4917,0.4498,0.4621,66652037,0,0
2019-06-18,0.4619,0.4698,0.4521,0.4681,55197820,0,0
2019-06-19,0.4684,0.4704,0.4505,0.4516,42574226,0,0
2019-06-20,0.4515,0.4549,0.4248,0.4359,49594464,0,0
2019-06-21,0.4361,0.4396,0.4294,0.4345,42895959,0,0
2019-06-22,0.4348,0.4487,0.4168,0.4375,80621436,0,0
2019-06-23,0.4377,0.4445,0.4246,0.4274,54418802,0,0
2019-06-24,0.4274,0.4362,0.4221,0.4258,45978610,0,0
2019-06-25,0.4254,0.4278,0.4133,0.4152,54732645,0,0
2019-06-26,0.4151,0.4304,0.3914,0.3986,86448658,0,0
2019-06-27,0.3981,0.4049,0.3614,0.3742,55363781,0,0
2019-06-28,0.3745,0.3874,0.3624,0.3831,38840872,0,0
2019-06-29,0.383,0.4235,0.3676,0.4228,56780743,0,0
2019-06-30,0.4225,0.4471,0.381,0.3861,61056500,0,0
2019-07-01,0.3864,0.4532,0.386,0.4325,110621263,0,0
2019-07-02,0.4323,0.4408,0.3946,0.4203,75346261,0,0
2019-07-03,0.4205,0.4228,0.3965,0.4049,56218435,0,0
2019-07-04,0.405,0.41,0.3811,0.3844,42863265,0,0
2019-07-05,0.3844,0.3961,0.3804,0.3856,35834090,0,0
2019-07-06,0.3856,0.3896,0.3805,0.3837,31576347,0,0
2019-07-07,0.3839,0.4002,0.3814,0.3921,28068938,0,0
2019-07-08,0.3916,0.4164,0.3898,0.3904,41204638,0,0
2019-07-09,0.3904,0.399,0.3823,0.3872,34885691,0,0
2019-07-10,0.3875,0.4269,0.3749,0.3873,52872513,0,0
2019-07-11,0.3871,0.3911,0.3565,0.3829,45348777,0,0
2019-07-12,0.384,0.3876,0.3652,0.3797,37175003,0,0
2019-07-13,0.3801,0.3851,0.3661,0.3742,29246498,0,0
2019-07-14,0.3744,0.3747,0.3257,0.3257,28305100,0,0
2019-07-15,0.3256,0.3279,0.2957,0.3245,31711732,0,0
2019-07-16,0.3243,0.3262,0.2659,0.2695,29615543,0,0
2019-07-17,0.269,0.2949,0.2645,0.284,28802514,0,0
2019-07-18,0.2841,0.3063,0.2736,0.304,30340800,0,0
2019-07-19,0.304,0.3339,0.301,0.3219,41664576,0,0
2019-07-20,0.3217,0.3433,0.3203,0.3326,32720808,0,0
2019-07-21,0.3331,0.337,0.3169,0.3249,20680047,0,0
2019-07-22,0.325,0.3315,0.3124,0.3225,20639184,0,0
2019-07-23,0.3225,0.3328,0.3031,0.304,22350654,0,0
2019-07-24,0.3041,0.3112,0.2936,0.3061,20648546,0,0
2019-07-25,0.3061,0.3161,0.3052,0.3082,17265973,0,0
2019-07-26,0.3082,0.3466,0.3029,0.3455,35485752,0,0
2019-07-27,0.3453,0.3653,0.3275,0.3556,62781584,0,0
2019-07-28,0.3559,0.3655,0.3243,0.3397,41431824,0,0
2019-07-29,0.3392,0.3472,0.331,0.3349,28876885,0,0
2019-07-30,0.335,0.3362,0.32,0.3249,28048633,0,0
2019-07-31,0.3249,0.3328,0.3221,0.326,23123985,0,0
2019-08-01,0.3261,0.3263,0.31,0.3133,25980004,0,0
2019-08-02,0.3134,0.3231,0.3083,0.3116,36378826,0,0
2019-08-03,0.3116,0.3153,0.3071,0.311,32725895,0,0
2019-08-04,0.311,0.3191,0.3062,0.312,31789454,0,0
2019-08-05,0.3121,0.3199,0.3066,0.3099,43488003,0,0
2019-08-06,0.3098,0.3113,0.288,0.2887,38983749,0,0
2019-08-07,0.2888,0.3097,0.2847,0.2946,43773208,0,0
2019-08-08,0.2949,0.3072,0.2745,0.2774,45371489,0,0
2019-08-09,0.2772,0.2797,0.2606,0.2641,30642576,0,0
2019-08-10,0.2642,0.2831,0.2629,0.2686,30747211,0,0
2019-08-11,0.2687,0.2759,0.267,0.275,37359605,0,0
2019-08-12,0.275,0.275,0.2653,0.269,30981913,0,0
2019-08-13,0.2691,0.2724,0.2555,0.2595,39853043,0,0
2019-08-14,0.2595,0.2625,0.224,0.2244,42912051,0,0
2019-08-15,0.2247,0.2493,0.2209,0.249,31398232,0,0
2019-08-16,0.249,0.2505,0.2333,0.2381,33132284,0,0
2019-08-17,0.2382,0.2407,0.2327,0.2348,24029942,0,0
2019-08-18,0.2346,0.2497,0.2331,0.2451,27369639,0,0
2019-08-19,0.2452,0.2501,0.2441,0.2478,28216964,0,0
2019-08-20,0.2476,0.2477,0.2383,0.2395,22045168,0,0
2019-08-21,0.2394,0.2504,0.2244,0.2427,39208826,0,0
2019-08-22,0.2426,0.269,0.2348,0.2651,64172981,0,0
2019-08-23,0.2649,0.2705,0.2561,0.269,42361203,0,0
2019-08-24,0.2689,0.2749,0.2593,0.2706,40412662,0,0
2019-08-25,0.2706,0.2754,0.2539,0.2552,33630894,0,0
2019-08-26,0.2557,0.2589,0.2485,0.25,37191145,0,0
2019-08-27,0.25,0.2515,0.2368,0.2509,36610898,0,0
2019-08-28,0.2509,0.2641,0.2355,0.2437,39786900,0,0
2019-08-29,0.2437,0.2438,0.2248,0.2268,31798474,0,0
2019-08-30,0.2269,0.24,0.2249,0.238,23264359,0,0
2019-08-31,0.2382,0.2427,0.2343,0.2376,22744806,0,0
2019-09-01,0.2375,0.2457,0.2348,0.242,25295348,0,0
2019-09-02,0.2417,0.2438,0.2361,0.2438,27439173,0,0
2019-09-03,0.2445,0.2484,0.2359,0.2384,35980137,0,0
2019-09-04,0.2384,0.2401,0.2322,0.2328,25257058,0,0
2019-09-05,0.2328,0.2336,0.2248,0.2282,24533681,0,0
2019-09-06,0.2282,0.2282,0.2163,0.2199,27657863,0,0
2019-09-07,0.2197,0.2351,0.2176,0.23,27731404,0,0
2019-09-08,0.2301,0.2355,0.2283,0.232,27253253,0,0
2019-09-09,0.2321,0.2337,0.2179,0.2275,32988509,0,0
2019-09-10,0.2277,0.2347,0.2267,0.2269,32132562,0,0
2019-09-11,0.2271,0.2287,0.2226,0.2251,26202879,0,0
2019-09-12,0.2252,0.2344,0.2243,0.2274,30971002,0,0
2019-09-13,0.2272,0.231,0.2259,0.2286,24572843,0,0
2019-09-14,0.2286,0.2323,0.2273,0.2317,22301921,0,0
2019-09-15,0.2316,0.2338,0.2303,0.2302,20766351,0,0
2019-09-16,0.2302,0.2375,0.2299,0.2362,30065313,0,0
2019-09-17,0.2362,0.2471,0.2349,0.245,31695596,0,0
2019-09-18,0.2449,0.2636,0.2446,0.2633,46252556,0,0
2019-09-19,0.2633,0.2626,0.243,0.26,39214366,0,0
2019-09-20,0.2603,0.2848,0.2542,0.28,59946105,0,0
2019-09-21,0.2801,0.2934,0.2716,0.2737,51444630,0,0
2019-09-22,0.2735,0.2742,0.2538,0.2548,39999984,0,0
2019-09-23,0.2546,0.2726,0.2478,0.2482,37706170,0,0
2019-09-24,0.2483,0.2535,0.2081,0.2083,40622660,0,0
2019-09-25,0.2078,0.2202,0.1975,0.2145,43219207,0,0
2019-09-26,0.2142,0.2242,0.1964,0.203,33064969,0,0
2019-09-27,0.2029,0.2239,0.1996,0.2234,33474389,0,0
2019-09-28,0.2234,0.2237,0.2126,0.2189,27145317,0,0
2019-09-29,0.2189,0.219,0.2094,0.2109,29728726,0,0
2019-09-30,0.2108,0.229,0.2032,0.2288,35448916,0,0
2019-10-01,0.2287,0.2298,0.2162,0.2184,30943586,0,0
2019-10-02,0.218,0.2263,0.2185,0.2258,22918113,0,0
2019-10-03,0.2257,0.2458,0.223,0.2427,34040949,0,0
2019-10-04,0.2424,0.2665,0.2361,0.2491,58067109,0,0
2019-10-05,0.2488,0.2634,0.2409,0.2623,38842960,0,0
2019-10-06,0.2622,0.2738,0.2484,0.251,44623649,0,0
2019-10-07,0.2504,0.2623,0.2474,0.2593,40698571,0,0
2019-10-08,0.2592,0.2859,0.259,0.2818,47753368,0,0
2019-10-09,0.2819,0.2878,0.2621,0.2768,56686122,0,0
2019-10-10,0.2767,0.2759,0.2573,0.2599,42399414,0,0
2019-10-11,0.2598,0.2617,0.248,0.2513,36495108,0,0
2019-10-12,0.2512,0.2608,0.2512,0.2606,33348057,0,0
2019-10-13,0.2606,0.272,0.2569,0.2684,38783953,0,0
2019-10-14,0.2684,0.2857,0.267,0.2847,45169127,0,0
2019-10-15,0.2847,0.3139,0.2821,0.2939,71757267,0,0
2019-10-16,0.294,0.294,0.2654,0.2903,58193322,0,0
2019-10-17,0.2904,0.3041,0.2827,0.2919,46997275,0,0
2019-10-18,0.2919,0.3022,0.286,0.2878,40430217,0,0
2019-10-19,0.2879,0.2899,0.2784,0.2788,51618225,0,0
2019-10-20,0.2787,0.298,0.273,0.2978,61533909,0,0
2019-10-21,0.2977,0.2982,0.284,0.2854,55717470,0,0
2019-10-22,0.2854,0.325,0.2805,0.3176,96336973,0,0
2019-10-23,0.3174,0.3368,0.2971,0.3161,130626971,0,0
2019-10-24,0.3162,0.3339,0.3073,0.3114,101587731,0,0
2019-10-25,0.3115,0.3353,0.3023,0.3313,97670269,0,0
2019-10-26,0.3314,0.3453,0.3076,0.3087,97846317,0,0
2019-10-27,0.3089,0.3199,0.3027,0.3137,89877550,0,0
2019-10-28,0.3133,0.3197,0.3064,0.3119,83339244,0,0
2019-10-29,0.3118,0.3162,0.304,0.3085,71739452,0,0
2019-10-30,0.3085,0.3124,0.2924,0.3095,69517418,0,0
2019-10-31,0.3094,0.3268,0.3031,0.3082,73971677,0,0
2019-11-01,0.3081,0.3133,0.2994,0.31,69026052,0,0
2019-11-02,0.3099,0.3132,0.3069,0.3088,56200175,0,0
2019-11-03,0.3087,0.3097,0.3033,0.3055,56341177,0,0
2019-11-04,0.3054,0.3227,0.3054,0.3213,78452615,0,0
2019-11-05,0.3211,0.3363,0.316,0.3311,77096482,0,0
2019-11-06,0.3314,0.3485,0.3298,0.3469,83080276,0,0
2019-11-07,0.3465,0.3471,0.3307,0.3331,64430326,0,0
2019-11-08,0.3334,0.3371,0.3022,0.315,76496722,0,0
2019-11-09,0.3152,0.3289,0.3134,0.3289,66649316,0,0
2019-11-10,0.3293,0.3329,0.3247,0.3262,74143790,0,0
2019-11-11,0.3265,0.3285,0.3149,0.3209,67066312,0,0
2019-11-12,0.3207,0.3231,0.3166,0.3201,61009614,0,0
2019-11-13,0.3201,0.3404,0.319,0.3385,73554315,0,0
2019-11-14,0.3384,0.3497,0.3362,0.3416,101919410,0,0
2019-11-15,0.3416,0.3454,0.326,0.3315,76124382,0,0
2019-11-16,0.3317,0.3584,0.3309,0.3564,79483203,0,0
2019-11-17,0.3564,0.3733,0.3447,0.3674,104514051,0,0
2019-11-18,0.3673,0.3681,0.3452,0.3519,86568132,0,0
2019-11-19,0.3517,0.3601,0.3228,0.3345,101737648,0,0
2019-11-20,0.3345,0.3367,0.3129,0.3136,84922360,0,0
2019-11-21,0.3135,0.3241,0.2877,0.295,88674313,0,0
2019-11-22,0.295,0.2995,0.2605,0.2928,99064026,0,0
2019-11-23,0.2927,0.2975,0.2729,0.296,87637022,0,0
2019-11-24,0.2959,0.2977,0.2768,0.2769,65323258,0,0
2019-11-25,0.2764,0.2914,0.2597,0.2745,78262445,0,0
2019-11-26,0.2748,0.2801,0.2699,0.2735,78973842,0,0
2019-11-27,0.2726,0.2785,0.2561,0.2712,86297791,0,0
2019-11-28,0.2711,0.2798,0.2691,0.2748,74943276,0,0
2019-11-29,0.2753,0.2875,0.2748,0.2871,75027363,0,0
2019-11-30,0.2871,0.2886,0.2698,0.2716,63142662,0,0
2019-12-01,0.2719,0.272,0.2567,0.262,63745256,0,0
2019-12-02,0.2622,0.2629,0.2484,0.2516,73119477,0,0
2019-12-03,0.2518,0.2626,0.2509,0.2615,71406587,0,0
2019-12-04,0.2615,0.2595,0.2406,0.2423,82095450,0,0
2019-12-05,0.2419,0.2491,0.2388,0.2472,63171313,0,0
2019-12-06,0.2473,0.2585,0.2487,0.2578,64321447,0,0
2019-12-07,0.2578,0.2605,0.2518,0.252,71238461,0,0
2019-12-08,0.252,0.2549,0.2495,0.2519,69368611,0,0
2019-12-09,0.2519,0.2559,0.2462,0.247,72408589,0,0
2019-12-10,0.2468,0.2479,0.2303,0.2336,89297747,0,0
2019-12-11,0.2334,0.2382,0.2312,0.2334,71722400,0,0
2019-12-12,0.2334,0.234,0.229,0.2312,68284100,0,0
2019-12-13,0.2312,0.2523,0.2302,0.2481,87989059,0,0
2019-12-14,0.2482,0.2518,0.2358,0.2382,78302657,0,0
2019-12-15,0.2385,0.2463,0.2321,0.2443,75962375,0,0
2019-12-16,0.2441,0.2528,0.2308,0.2316,75729419,0,0
2019-12-17,0.2318,0.2327,0.2004,0.2052,83721052,0,0
2019-12-18,0.205,0.2232,0.1959,0.2209,93874487,0,0
2019-12-19,0.2211,0.2222,0.2115,0.2209,75363850,0,0
2019-12-20,0.2209,0.2276,0.2179,0.2253,68745697,0,0
2019-12-21,0.2254,0.2295,0.221,0.2214,66417651,0,0
2019-12-22,0.2213,0.2294,0.2204,0.228,66830401,0,0
2019-12-23,0.228,0.2283,0.2148,0.2159,68667688,0,0
2019-12-24,0.2157,0.2276,0.2151,0.2202,64675424,0,0
2019-12-25,0.2202,0.2208,0.2134,0.2147,58846230,0,0
2019-12-26,0.2145,0.2212,0.2124,0.216,57717037,0,0
2019-12-27,0.216,0.2219,0.2145,0.2219,54435217,0,0
2019-12-28,0.2219,0.2444,0.2219,0.243,89622429,0,0
2019-12-29,0.2429,0.2571,0.242,0.2518,97525150,0,0
2019-12-30,0.252,0.2612,0.2458,0.2489,88477790,0,0
2019-12-31,0.2491,0.2527,0.2353,0.2364,72316762,0,0
2020-01-01,0.2365,0.2559,0.2349,0.2546,71349053,0,0
2020-01-02,0.2546,0.2551,0.2381,0.2387,68320237,0,0
2020-01-03,0.2385,0.2502,0.2362,0.2441,72085304,0,0
2020-01-04,0.2439,0.2483,0.2405,0.2469,56275119,0,0
2020-01-05,0.2468,0.2518,0.2445,0.2454,60646273,0,0
2020-01-06,0.2457,0.2547,0.245,0.249,66073050,0,0
2020-01-07,0.2489,0.2565,0.2495,0.2515,75008730,0,0
2020-01-08,0.2516,0.254,0.2399,0.2401,70845064,0,0
2020-01-09,0.2401,0.2468,0.2381,0.2434,66095967,0,0
2020-01-10,0.2431,0.2453,0.2388,0.2446,63880422,0,0
2020-01-11,0.2446,0.2524,0.2439,0.2476,61356974,0,0
2020-01-12,0.2476,0.2516,0.2468,0.25,55361305,0,0
2020-01-13,0.2499,0.2501,0.2444,0.2452,58492030,0,0
2020-01-14,0.2452,0.2785,0.2447,0.2776,83418365,0,0
2020-01-15,0.2775,0.3093,0.2758,0.2865,120555708,0,0
2020-01-16,0.2869,0.2889,0.2746,0.2839,69710195,0,0
2020-01-17,0.2839,0.304,0.28,0.3002,90019091,0,0
2020-01-18,0.3001,0.3027,0.2865,0.2935,78298006,0,0
2020-01-19,0.2937,0.2986,0.2732,0.2802,75480445,0,0
2020-01-20,0.28,0.2923,0.2745,0.2892,81419670,0,0
2020-01-21,0.2893,0.2934,0.28,0.288,72073163,0,0
2020-01-22,0.2878,0.2909,0.2852,0.2884,60444803,0,0
2020-01-23,0.2879,0.2882,0.2697,0.2733,64361894,0,0
2020-01-24,0.2734,0.2738,0.264,0.2725,59120208,0,0
2020-01-25,0.2726,0.2727,0.2657,0.2693,54730686,0,0
2020-01-26,0.2691,0.2794,0.2678,0.2785,62975526,0,0
2020-01-27,0.2787,0.3008,0.2791,0.2992,79523780,0,0
2020-01-28,0.2991,0.3024,0.2851,0.2924,91165931,0,0
2020-01-29,0.2924,0.2967,0.2887,0.2898,86037962,0,0
2020-01-30,0.2897,0.2954,0.2858,0.295,80422222,0,0
2020-01-31,0.2948,0.2975,0.2828,0.2901,73962048,0,0
2020-02-01,0.2902,0.2975,0.2902,0.297,64076944,0,0
2020-02-02,0.2966,0.3043,0.2923,0.2958,69108160,0,0
2020-02-03,0.2956,0.3156,0.2957,0.3132,82040968,0,0
2020-02-04,0.3131,0.3323,0.3082,0.3243,132412917,0,0
2020-02-05,0.3244,0.3352,0.318,0.3343,117544505,0,0
2020-02-06,0.3342,0.3578,0.3311,0.3508,134704593,0,0
2020-02-07,0.3511,0.3589,0.3464,0.3505,111459960,0,0
2020-02-08,0.3504,0.3509,0.3322,0.3409,98327091,0,0
2020-02-09,0.341,0.3667,0.3399,0.3636,126219678,0,0
2020-02-10,0.3639,0.3651,0.3383,0.3516,132896483,0,0
2020-02-11,0.3517,0.3944,0.3477,0.3882,193282245,0,0
2020-02-12,0.3883,0.4257,0.3835,0.4032,201687601,0,0
2020-02-13,0.4031,0.4193,0.3791,0.3919,161946111,0,0
2020-02-14,0.392,0.4166,0.3894,0.4121,144142157,0,0
2020-02-15,0.412,0.4247,0.3659,0.3715,144524250,0,0
2020-02-16,0.3716,0.3828,0.318,0.35,121365375,0,0
2020-02-17,0.35,0.354,0.3201,0.3528,119722291,0,0
2020-02-18,0.3532,0.3815,0.3494,0.3732,117468877,0,0
2020-02-19,0.3735,0.3768,0.3409,0.3438,101057280,0,0
2020-02-20,0.3434,0.3455,0.3309,0.3429,104016918,0,0
2020-02-21,0.3426,0.357,0.3374,0.3523,98905753,0,0
2020-02-22,0.3527,0.3627,0.3515,0.3581,95450449,0,0
2020-02-23,0.3585,0.3736,0.3589,0.365,104606896,0,0
2020-02-24,0.3648,0.3665,0.3352,0.3409,104416608,0,0
2020-02-25,0.3411,0.3417,0.3101,0.3144,110198979,0,0
2020-02-26,0.3138,0.3165,0.2771,0.2937,110534181,0,0
2020-02-27,0.2934,0.3086,0.2797,0.2957,92157283,0,0
2020-02-28,0.296,0.3046,0.2826,0.2889,88053408,0,0
2020-02-29,0.2887,0.2967,0.2868,0.287,81482465,0,0
2020-03-01,0.2868,0.2921,0.2766,0.2841,77102494,0,0
2020-03-02,0.2839,0.3075,0.2814,0.303,87784232,0,0
2020-03-03,0.3028,0.3068,0.2975,0.3,78985203,0,0
2020-03-04,0.3003,0.3111,0.2989,0.3107,88617540,0,0
2020-03-05,0.3108,0.3277,0.3107,0.3154,92585718,0,0
2020-03-06,0.3155,0.3304,0.3051,0.3244,124636186,0,0
2020-03-07,0.3243,0.326,0.3054,0.3067,83573179,0,0
2020-03-08,0.3065,0.3067,0.2666,0.2666,88243294,0,0
2020-03-09,0.2663,0.2753,0.2467,0.2656,103705981,0,0
2020-03-10,0.2659,0.2857,0.264,0.2804,108027726,0,0
2020-03-11,0.2802,0.2923,0.2546,0.2755,125300089,0,0
2020-03-12,0.2755,0.2761,0.1609,0.1667,98884972,0,0
2020-03-13,0.1613,0.2029,0.1237,0.1842,108229550,0,0
2020-03-14,0.1842,0.1884,0.1695,0.1772,81495522,0,0
2020-03-15,0.1769,0.1861,0.1679,0.1727,80253069,0,0
2020-03-16,0.1727,0.1727,0.1431,0.1566,85316675,0,0
2020-03-17,0.1564,0.1713,0.1564,0.1652,86629672,0,0
2020-03-18,0.1648,0.1719,0.1641,0.1684,91696408,0,0
2020-03-19,0.1683,0.2092,0.1683,0.2001,107400031,0,0
2020-03-20,0.1998,0.2218,0.1789,0.1944,96428512,0,0
2020-03-21,0.1945,0.2,0.1832,0.1968,80190085,0,0
2020-03-22,0.1968,0.2004,0.1792,0.1802,70498455,0,0
2020-03-23,0.1799,0.1949,0.1774,0.1939,84739245,0,0
2020-03-24,0.1944,0.2288,0.1907,0.2206,128793474,0,0
2020-03-25,0.2206,0.2348,0.2064,0.2109,112988485,0,0
2020-03-26,0.2108,0.2164,0.2068,0.2131,85494705,0,0
2020-03-27,0.2131,0.2161,0.2003,0.2003,98598788,0,0
2020-03-28,0.2,0.2,0.1892,0.193,90203617,0,0
2020-03-29,0.193,0.1944,0.1827,0.1847,89820690,0,0
2020-03-30,0.1848,0.2062,0.1835,0.2,113861016,0,0
2020-03-31,0.1999,0.201,0.197,0.1998,98615385,0,0
2020-04-01,0.1998,0.2029,0.1933,0.2029,96679755,0,0
2020-04-02,0.2028,0.2117,0.2021,0.2036,105412841,0,0
2020-04-03,0.2035,0.2132,0.2026,0.2076,99172896,0,0
2020-04-04,0.2076,0.2104,0.2037,0.2092,79040601,0,0
2020-04-05,0.2092,0.2143,0.206,0.2086,99018592,0,0
2020-04-06,0.2075,0.2292,0.2075,0.2261,109651884,0,0
2020-04-07,0.2266,0.2411,0.2215,0.2255,110358140,0,0
2020-04-08,0.2252,0.2389,0.2238,0.2325,112103672,0,0
2020-04-09,0.2325,0.2506,0.2286,0.2412,163706048,0,0
2020-04-10,0.241,0.2486,0.2159,0.2246,129684009,0,0
2020-04-11,0.2246,0.2334,0.2184,0.2238,115077682,0,0
2020-04-12,0.2242,0.2341,0.2209,0.2261,113774438,0,0
2020-04-13,0.2259,0.2259,0.2151,0.2193,108519080,0,0
2020-04-14,0.2194,0.2366,0.2184,0.2295,128542347,0,0
2020-04-15,0.2293,0.2345,0.218,0.2186,118105673,0,0
2020-04-16,0.2186,0.2341,0.2147,0.2321,132392634,0,0
2020-04-17,0.2319,0.2369,0.2305,0.2343,122224799,0,0
2020-04-18,0.2343,0.2425,0.2327,0.2409,132083601,0,0
2020-04-19,0.2406,0.2414,0.2328,0.233,118484781,0,0
2020-04-20,0.2328,0.2394,0.2236,0.224,149708405,0,0
2020-04-21,0.2238,0.2277,0.2226,0.2255,115221604,0,0
2020-04-22,0.2249,0.2371,0.2248,0.235,118383489,0,0
2020-04-23,0.2348,0.2419,0.2303,0.2336,136954248,0,0
2020-04-24,0.2336,0.2536,0.2336,0.2531,129266763,0,0
2020-04-25,0.2531,0.2653,0.2484,0.2582,114376000,0,0
2020-04-26,0.2582,0.2649,0.2565,0.2601,133219860,0,0
2020-04-27,0.2601,0.2615,0.2503,0.256,138391240,0,0
2020-04-28,0.2563,0.259,0.2478,0.2577,155797735,0,0
2020-04-29,0.2579,0.2753,0.2553,0.2706,157212009,0,0
2020-04-30,0.2704,0.2764,0.2532,0.2567,158883268,0,0
2020-05-01,0.2565,0.2717,0.2562,0.2689,138058482,0,0
2020-05-02,0.2692,0.2754,0.269,0.2722,132165133,0,0
2020-05-03,0.2724,0.2774,0.2586,0.26,126808646,0,0
2020-05-04,0.26,0.2664,0.251,0.2647,136520571,0,0
2020-05-05,0.2649,0.2698,0.2567,0.2597,127834007,0,0
2020-05-06,0.2597,0.2686,0.2574,0.2574,142355687,0,0
2020-05-07,0.2572,0.265,0.2482,0.2568,143158084,0,0
2020-05-08,0.2569,0.3314,0.2568,0.321,316995623,0,0
2020-05-09,0.3213,0.3536,0.3045,0.306,325969104,0,0
2020-05-10,0.3059,0.3059,0.2619,0.2747,219516081,0,0
2020-05-11,0.2749,0.2787,0.2551,0.2603,162353626,0,0
2020-05-12,0.2604,0.2913,0.2584,0.2911,157281438,0,0
2020-05-13,0.2909,0.2955,0.2789,0.2841,135807154,0,0
2020-05-14,0.2836,0.2912,0.2781,0.2809,116494450,0,0
2020-05-15,0.2807,0.2995,0.2796,0.2825,139263737,0,0
2020-05-16,0.2823,0.2925,0.2792,0.2869,119876702,0,0
2020-05-17,0.2867,0.3036,0.2855,0.2886,131990375,0,0
2020-05-18,0.289,0.2952,0.2889,0.292,118092388,0,0
2020-05-19,0.2921,0.2928,0.2842,0.2868,104532076,0,0
2020-05-20,0.2867,0.2942,0.2799,0.2838,110518379,0,0
2020-05-21,0.2837,0.2869,0.2643,0.2737,122812208,0,0
2020-05-22,0.2737,0.2927,0.2695,0.2891,126044967,0,0
2020-05-23,0.289,0.2951,0.2817,0.2859,95799281,0,0
2020-05-24,0.2858,0.2928,0.2743,0.2744,91115017,0,0
2020-05-25,0.2737,0.2887,0.2709,0.287,99337995,0,0
2020-05-26,0.2871,0.2916,0.2763,0.2802,97371195,0,0
2020-05-27,0.2803,0.2867,0.2777,0.2852,114831808,0,0
2020-05-28,0.2855,0.2945,0.2831,0.2929,128440715,0,0
2020-05-29,0.2928,0.2968,0.2868,0.2893,111472962,0,0
2020-05-30,0.2894,0.3045,0.2862,0.304,120212371,0,0
2020-05-31,0.3041,0.3154,0.2887,0.2913,131434032,0,0
2020-06-01,0.2911,0.3059,0.2898,0.3038,127673109,0,0
2020-06-02,0.304,0.3112,0.2835,0.2902,128402828,0,0
2020-06-03,0.2901,0.3028,0.2868,0.3028,112284161,0,0
2020-06-04,0.3025,0.3301,0.3021,0.3269,181722530,0,0
2020-06-05,0.3267,0.3319,0.3188,0.3293,153933762,0,0
2020-06-06,0.3292,0.3293,0.316,0.3177,104927262,0,0
2020-06-07,0.3178,0.3225,0.3057,0.315,102000863,0,0
2020-06-08,0.315,0.3434,0.3135,0.3434,148597966,0,0
2020-06-09,0.3432,0.3467,0.3359,0.3392,135406010,0,0
2020-06-10,0.3389,0.3392,0.3282,0.336,132005339,0,0
2020-06-11,0.336,0.3429,0.3031,0.304,129593265,0,0
2020-06-12,0.3041,0.319,0.2898,0.3119,128387733,0,0
2020-06-13,0.3121,0.3186,0.306,0.3158,106775276,0,0
2020-06-14,0.3159,0.3251,0.3065,0.3068,113401582,0,0
2020-06-15,0.3067,0.3066,0.2858,0.3015,120796007,0,0
2020-06-16,0.3015,0.3093,0.299,0.3044,101834697,0,0
2020-06-17,0.3048,0.3061,0.2959,0.3033,104325569,0,0
2020-06-18,0.3033,0.3037,0.2944,0.298,75606999,0,0
2020-06-19,0.2979,0.302,0.2932,0.2953,75429852,0,0
2020-06-20,0.2953,0.3182,0.294,0.315,111580855,0,0
2020-06-21,0.3143,0.3405,0.3141,0.3291,130615336,0,0
2020-06-22,0.3297,0.3398,0.3247,0.3293,112806836,0,0
2020-06-23,0.3293,0.355,0.3274,0.3499,115374549,0,0
2020-06-24,0.35,0.3604,0.3331,0.3406,109082831,0,0
2020-06-25,0.3405,0.3682,0.3319,0.3682,139465473,0,0
2020-06-26,0.3684,0.3731,0.3528,0.3719,144494582,0,0
2020-06-27,0.3719,0.4078,0.3667,0.3726,224351501,0,0
2020-06-28,0.3726,0.3733,0.3536,0.362,144214937,0,0
2020-06-29,0.3618,0.368,0.3474,0.3578,111942313,0,0
2020-06-30,0.3575,0.3595,0.3407,0.342,85172910,0,0
2020-07-01,0.3418,0.3583,0.34,0.3482,96372499,0,0
2020-07-02,0.3492,0.3538,0.3327,0.3329,120019836,0,0
2020-07-03,0.3327,0.3368,0.327,0.3278,117716007,0,0
2020-07-04,0.328,0.3446,0.3276,0.3387,99043399,0,0
2020-07-05,0.3382,0.339,0.3291,0.3341,93599943,0,0
2020-07-06,0.3341,0.354,0.3314,0.353,115399884,0,0
2020-07-07,0.3527,0.3575,0.343,0.3464,105808504,0,0
2020-07-08,0.3465,0.3665,0.3437,0.3567,206738603,0,0
2020-07-09,0.3567,0.3646,0.3471,0.3558,215754896,0,0
2020-07-10,0.3556,0.3563,0.3353,0.3459,177374894,0,0
2020-07-11,0.3457,0.3528,0.3437,0.3509,172481610,0,0
2020-07-12,0.351,0.3569,0.3442,0.3518,164471348,0,0
2020-07-13,0.3518,0.3777,0.3474,0.3595,235739514,0,0
2020-07-14,0.3578,0.3635,0.3496,0.3563,179738501,0,0
2020-07-15,0.3564,0.3599,0.3451,0.3505,159358356,0,0
2020-07-16,0.3505,0.3611,0.3259,0.3519,230111178,0,0
2020-07-17,0.3523,0.3753,0.3523,0.3608,206208024,0,0
2020-07-18,0.3606,0.3669,0.3509,0.3646,165737347,0,0
2020-07-19,0.3653,0.3781,0.3642,0.3708,160858153,0,0
2020-07-20,0.3711,0.3733,0.3497,0.3497,151522450,0,0
2020-07-21,0.3492,0.3561,0.3461,0.3497,155778021,0,0
2020-07-22,0.3497,0.3582,0.3446,0.3526,148430081,0,0
2020-07-23,0.3525,0.3609,0.3491,0.3517,151295160,0,0
2020-07-24,0.3538,0.3547,0.3451,0.3455,175246723,0,0
2020-07-25,0.3456,0.3546,0.3452,0.3529,150660724,0,0
2020-07-26,0.353,0.3573,0.3398,0.3407,148431011,0,0
2020-07-27,0.3407,0.3437,0.3107,0.3301,203058147,0,0
2020-07-28,0.33,0.341,0.3252,0.3364,169884317,0,0
2020-07-29,0.3363,0.3414,0.329,0.33,185519642,0,0
2020-07-30,0.3301,0.3375,0.3295,0.3316,204093541,0,0
2020-07-31,0.332,0.3394,0.3307,0.3391,195352186,0,0
2020-08-01,0.3391,0.3474,0.3351,0.3458,265062900,0,0
2020-08-02,0.3458,0.3515,0.319,0.3247,211187012,0,0
2020-08-03,0.3247,0.3418,0.3223,0.3365,188716832,0,0
2020-08-05,0.3475,0.3499,0.3382,0.342,204339176,0,0
2020-08-06,0.3422,0.3456,0.3387,0.3452,226223177,0,0
2020-08-07,0.3451,0.3532,0.3307,0.3388,292723262,0,0
2020-08-08,0.339,0.3489,0.3381,0.3489,119585202,0,0
2020-08-09,0.3501,0.3569,0.3499,0.3531,122412664,0,0
